{
  "Sonoma": {
    "periods": [
      "Winter_2024",
      "Spring_2024",
      "Summer_2024",
      "Fall_2024",
      "Winter_2025"
    ],
    "mean_ndvi": [
      0.5656994291932719,
      0.5029133530565452,
      0.3855667713578211,
      0.403045060361542,
      0.5220605193496514
    ],
    "min_ndvi": [
      -0.6872472763061523,
      -0.42213115096092224,
      -1.0,
      -1.0,
      -0.9841269850730896
    ],
    "max_ndvi": [
      0.9431027173995972,
      0.9064978957176208,
      0.9276225566864014,
      1.0,
      1.0
    ]
  },
  "San Francisco": {
    "periods": [
      "Winter_2024",
      "Spring_2024",
      "Summer_2024",
      "Fall_2024",
      "Winter_2025"
    ],
    "mean_ndvi": [
      0.29662200659649857,
      0.2754193973761144,
      0.21296333183934657,
      0.22851831660598945,
      0.27960908064984896
    ],
    "min_ndvi": [
      -0.6894824504852295,
      -0.6640419960021973,
      -0.8744680881500244,
      -0.918552041053772,
      -0.8005114793777466
    ],
    "max_ndvi": [
      0.9250198602676392,
      0.9024984836578369,
      0.9012702703475952,
      0.9195486903190613,
      0.9274974465370178
    ]
  },
  "Marin": {
    "periods": [
      "Winter_2024",
      "Spring_2024",
      "Summer_2024",
      "Fall_2024",
      "Winter_2025"
    ],
    "mean_ndvi": [
      0.5395459785406885,
      0.5228155209527343,
      0.37611890791924385,
      0.3846138290654519,
      0.49342865822685633
    ],
    "min_ndvi": [
      -0.6909090876579285,
      -0.43827465176582336,
      -0.9892473220825195,
      -0.918552041053772,
      -0.746268630027771
    ],
    "max_ndvi": [
      0.9431027173995972,
      0.9064978957176208,
      0.9276225566864014,
      0.9380666017532349,
      0.9698994755744934
    ]
  },
  "Napa": {
    "periods": [
      "Winter_2024",
      "Spring_2024",
      "Summer_2024",
      "Fall_2024",
      "Winter_2025"
    ],
    "mean_ndvi": [
      0.49796864184386475,
      0.40857969327408283,
      0.3337256813999453,
      0.35236565999618585,
      0.46257012115813756
    ],
    "min_ndvi": [
      -1.0,
      -0.3580980598926544,
      -1.0,
      -1.0,
      -0.9841269850730896
    ],
    "max_ndvi": [
      0.9435483813285828,
      0.9041136503219604,
      0.9218302965164185,
      0.929136335849762,
      1.0
    ]
  },
  "Solano": {
    "periods": [
      "Winter_2024",
      "Spring_2024",
      "Summer_2024",
      "Fall_2024",
      "Winter_2025"
    ],
    "mean_ndvi": [
      0.42569359320011135,
      0.3281377323926012,
      0.23935889702300092,
      0.2487918631344603,
      0.37427930628328493
    ],
    "min_ndvi": [
      -1.0,
      -0.5065501928329468,
      -1.0,
      -1.0,
      -0.7772899270057678
    ],
    "max_ndvi": [
      0.9460035562515259,
      0.9164578318595886,
      0.9187878966331482,
      0.9010109305381775,
      1.0
    ]
  },
  "Contra Costa": {
    "periods": [
      "Winter_2024",
      "Spring_2024",
      "Summer_2024",
      "Fall_2024",
      "Winter_2025"
    ],
    "mean_ndvi": [
      0.339280174087147,
      0.28172931398352163,
      0.19859345255973723,
      0.21211409950941945,
      0.31555584289427796
    ],
    "min_ndvi": [
      -0.7251908183097839,
      -0.3763066232204437,
      -0.5914149880409241,
      -0.7867435216903687,
      -0.7377690672874451
    ],
    "max_ndvi": [
      0.9333551526069641,
      0.9120284914970398,
      0.9002065658569336,
      0.8965451121330261,
      0.9706563949584961
    ]
  },
  "Santa Clara": {
    "periods": [
      "Winter_2024",
      "Spring_2024",
      "Summer_2024",
      "Fall_2024",
      "Winter_2025"
    ],
    "mean_ndvi": [
      0.382916268138529,
      0.3494999024271077,
      0.28035791024331663,
      0.2999743879282593,
      0.3647077684752098
    ],
    "min_ndvi": [
      -0.6557313203811646,
      -0.6640419960021973,
      -0.8799999952316284,
      -0.7682619690895081,
      -0.8005114793777466
    ],
    "max_ndvi": [
      0.9757575988769531,
      0.9095237851142883,
      0.9274630546569824,
      1.0,
      1.0
    ]
  },
  "Alameda": {
    "periods": [
      "Winter_2024",
      "Spring_2024",
      "Summer_2024",
      "Fall_2024",
      "Winter_2025"
    ],
    "mean_ndvi": [
      0.2945407510252073,
      0.2699370067739065,
      0.19816682260407764,
      0.21199308269420392,
      0.28135270778257926
    ],
    "min_ndvi": [
      -0.7251908183097839,
      -0.47589099407196045,
      -1.0,
      -0.7867435216903687,
      -0.7377690672874451
    ],
    "max_ndvi": [
      0.944830596446991,
      0.922432541847229,
      0.9002065658569336,
      0.8965451121330261,
      0.9860000014305115
    ]
  },
  "San Mateo": {
    "periods": [
      "Winter_2024",
      "Spring_2024",
      "Summer_2024",
      "Fall_2024",
      "Winter_2025"
    ],
    "mean_ndvi": [
      0.38285156267407155,
      0.36500313123080447,
      0.30072008015945184,
      0.31489497792862653,
      0.3721477098896848
    ],
    "min_ndvi": [
      -0.6557313203811646,
      -0.6640419960021973,
      -0.8799999952316284,
      -0.7682619690895081,
      -0.8005114793777466
    ],
    "max_ndvi": [
      0.944830596446991,
      0.922432541847229,
      0.9274630546569824,
      1.0,
      1.0
    ]
  }
}